city,country
NA,Afghanistan
Kabul,Afghanistan
Mazar-e-Sharif,Afghanistan
Jalalabad,Afghanistan
Aibak City,Afghanistan
Aibak,Afghanistan
NA,Albania
NA,Algeria
NA,Andorra
NA,Angola
Soyo,Angola
Tômbwa,Angola
Lubango,Angola
Saurimo,Angola
Cambambe,Angola
Chitato,Angola
Cambulo,Angola
Cuvango,Angola
Kilamba Kiaxi,Angola
Cuanhama,Angola
Menongue,Angola
NA,Antigua and Barbuda
NA,Argentina
Córdoba,Argentina
Buenos Aires,Argentina
"Buenos Aires, Chubut, Neuquen, Rio Negro, San Juan, San Luis, Santa Cruz, Santa Fe, Santiago del Estero, and Tierra del Fuego",Argentina
Puerto Iguazú,Argentina
NA,Armenia
NA,Australia
Sydney,Australia
Kappl,Austria
St. Anton am Arlberg,Austria
Ischgl,Austria
Pfunds,Austria
Galtür,Austria
NA,Austria
Landeck,Austria
See,Austria
Zams,Austria
no,Austria
Mayrhofen,Austria
Paznauntal; St. Anton am Arlberg,Austria
Vienna,Austria
Vorarlberg,Austria
Heiligenblut,Austria
Paznauntal and St. Anton am Arlberg,Austria
"Ischgl, Kappl, See and Galtür, St. Anton am Arlberg",Austria
Pongau,Austria
Oberlienz,Austria
Innervillgraten,Austria
Reutte,Austria
Kuchl,Austria
Kuchl  (Tennengau region),Austria
Landeck (admin. district),Austria
Innsbruck,Austria
Lienz,Austria
Kufstein,Austria
Kitzbühel,Austria
Kitzbühe,Austria
Graz,Austria
NA,Azerbaijan
NA,Bahamas
NA,Bahrain
NA,Bangladesh
Pabna City,Bangladesh
Chattogram (Old name Chittagong) city,Bangladesh
Chattogram (old name Chittagong) City,Bangladesh
Pabna District,Bangladesh
Dhaka,Bangladesh
Sylhet City.,Bangladesh
Dhaka North City.,Bangladesh
"Tolarbagh, Mirpur, Dhaka.",Bangladesh
Dhaka City,Bangladesh
Chittagong City Corporation,Bangladesh
"Dhaka, Narayanganj, and Chattogram",Bangladesh
"Shibchar, Madaripur.",Bangladesh
Dhaka North City,Bangladesh
Dhaka South City,Bangladesh
Rajshahi City,Bangladesh
Kushtia District,Bangladesh
Khulna District,Bangladesh
NA,Barbados
NA,Belarus
Minsk,Belarus
Zaslawye and Volozhin,Belarus
Mogilev city,Belarus
Pinsk city,Belarus
Lida city,Belarus
Grodno,Belarus
Vitebsk,Belarus
Mogilev,Belarus
Gomel city,Belarus
Brest,Belarus
Pinsk,Belarus
Luninetsk,Belarus
Bobruisk,Belarus
NA,Belgium
Antwerp,Belgium
Brussels,Belgium
Knokke-Heist,Belgium
"Knokke-Heist,Tommelein, and Blankenberge",Belgium
Houthulst,Belgium
"Sint-Pieters-Woluwe, Sint-Lambrechts-Woluwe, Etterbeek",Belgium
Liege,Belgium
Courcelles,Belgium
Liège/Luik,Belgium
NA,Belize
Belize,Belize
NA,Benin
NA,Bhutan
Sarprang,Bhutan
Phuentsholing,Bhutan
"Gelephu, Phuentsholing, Samdrupjongkhar, and Samtse",Bhutan
"Chukha, Dagana, Pemagatshel, Samdrup Jhongkar, Samtse, Sarpang, and Zhemgang",Bhutan
"Samdrup Jongkhar and Samtse District,, Phuentsholing and parts of Trashigang District, Chukha, Dagana, Pemagatshel, Sarpang, and Zhemgang",Bhutan
Paro Thromde,Bhutan
NA,Bolivia
Montero,Bolivia
Portachuelo,Bolivia
Huanuni,Bolivia
Trinidad,Bolivia
NA,Bosnia and Herzegovina
Sarajevo,Bosnia and Herzegovina
Neum,Bosnia and Herzegovina
NA,Botswana
Tlokweng,Botswana
Bobonong is a town in the Central District of Botswana,Botswana
Gaborone City Council,Botswana
Gaborone,Botswana
NA,Brazil
Rio de Janeiro,Brazil
NA,Brunei
NA,Bulgaria
Sofia,Bulgaria
Varna,Bulgaria
Plovdiv,Bulgaria
Ruse,Bulgaria
Shumen,Bulgaria
Pazardzhik,Bulgaria
Haskovo,Bulgaria
Silistra,Bulgaria
Sliven,Bulgaria
Svishtov,Bulgaria
Dobrich,Bulgaria
Kyustendil,Bulgaria
Kozloduy,Bulgaria
municipality of Panagyurishte,Bulgaria
Knezha Municipality,Bulgaria
Berkovitsa,Bulgaria
Lukovit,Bulgaria
Peschtera,Bulgaria
The policy was announced by Minister of Health,Bulgaria
Bansko,Bulgaria
/,Bulgaria
Albena resort,Bulgaria
Kardzhali,Bulgaria
Yablanitsa,Bulgaria
Mizia,Bulgaria
Mezdra,Bulgaria
knezha,Bulgaria
Galabovo,Bulgaria
Razlog,Bulgaria
Simitli,Bulgaria
Pleven,Bulgaria
Vidin,Bulgaria
pazardzhik,Bulgaria
Sofia Municipality,Bulgaria
Gabrovo,Bulgaria
Varna region,Bulgaria
Bratya Daskalovi municipality,Bulgaria
Pernik district,Bulgaria
Ruse region,Bulgaria
Shumen district,Bulgaria
Ruse and Vidin,Bulgaria
Sliven district,Bulgaria
Burgas region,Bulgaria
Shumen region,Bulgaria
Knezha,Bulgaria
Lovech,Bulgaria
Burgas,Bulgaria
Vratsa,Bulgaria
NA,Burkina Faso
Ouagadougou,Burkina Faso
Dano,Burkina Faso
Gaoua,Burkina Faso
NA,Burundi
NA,Cambodia
Phnom Penh,Cambodia
"Phnom Penh, the capital city of Cambodia.",Cambodia
NA,Cameroon
Batibo,Cameroon
Douala,Cameroon
NA,Canada
La Loche,Canada
Montréal,Canada
Boisbriand,Canada
Edmonton,Canada
Regina,Canada
"Ottawa, Kingston, Toronto, and other cities in the eastern region of Ontario.",Canada
Ottawa,Canada
Moncton,Canada
NA,Cape Verde
Boa Vista,Cape Verde
NA,Central African Republic
Bangui,Central African Republic
NA,Chad
"N’Djamena Mandelia, Logone-Gana, N'Djamena-Farah à Guitté., and the provinces of Logone Occidental, Logone Oriental, Mayo-Kebbi Est",Chad
na,Chad
N'Djamena,Chad
Ati,Chad
"Kadji, 120 km east of Dourbali, in the Province of Hadjer Lamis",Chad
Abeche,Chad
Massakory,Chad
"The distribution took place in the following cities: Gueldjem, Bornou, Mbomian, Belle vue, Doumbeur, Koutou, Bélout, Dabaab Doyon",Chad
"Pala, Tao Hindabo",Chad
District of Diguel Gozator,Chad
Moundou,Chad
the townhall of N'Djamena annonced the measure,Chad
City of Pala,Chad
Pala,Chad
The Biological Sciences Students' Committee of the Faculty of Exact and Applied Sciences at the University of N'Djamena,Chad
N'djamena,Chad
NA,Chile
Huasco,Chile
Caleta Tortel,Chile
Santiago de Chile,Chile
NA,China
Tianjin,China
Xi'an,China
Ma'anshan,China
Shenyang,China
Hulunbuir Prefecture,China
"Hanzhong, Xianyang",China
Jilin,China
Kashgar,China
Manzhouli,China
"Manzhouli City, Hulunbuir Prefecture",China
Quanzhou,China
Fuzhou,China
Beijing,China
Guangzhou,China
Kunshan,China
Tongling,China
Xuancheng,China
Xiamen,China
Nanjing,China
Zhangye,China
Nanning,China
Huanggang,China
Xiantao,China
Dongguan,China
Zhongshan,China
Harbin,China
Suifenhe,China
Urumqi,China
Turpan,China
Hulunbuir City,China
Shanghai,China
Huizhou,China
Zhaoqing,China
Foshan,China
Nantong,China
Taizhou,China
Shenzhen,China
Chengdu,China
Changzhou,China
Ordos,China
Xilingol League,China
Chifeng,China
Yiyang,China
Wuhan,China
Yinchuan,China
Zhengzhou,China
Sanya,China
Guiyang,China
Wuxi,China
LongHua,China
Huai'an,China
Yantai,China
Suqian,China
Zhuhai,China
Changsha,China
Lishui,China
Ruian,China
Zhangjiajie,China
Loudi,China
Huaihua,China
Zhuzhou,China
Jiangmen,China
Hangzhou,China
Binhai New Area,China
Baotou,China
Ulanqab,China
Dalian,China
Shijiazhuang(Hebei),China
Xingtai,China
Luohe,China
Ruili,China
Changde City,China
Alashankou,China
Baiyin,China
Alxa League,China
Yongzhou,China
Xiangtan,China
Ezhou,China
Chibi,China
Lichuan,China
Suizhou,China
Wuhu,China
Jingzhou,China
Yichang,China
Lanzhou,China
Jinchengjiang District,China
Tang Shan,China
Pu Yang,China
Manzhouli City,China
Hefei,China
ShijiaZhuang,China
Shijiazhuang,China
Zou,China
Tongren,China
Xiaogan,China
Xiangyang,China
"Saihan District, Hohhot City",China
Mishan City,China
"Xinghe County, Ulanqab City",China
Weiwu,China
"Chengdu, Ya'an, Neijiang, Suining, Guangyuan, Ziyang, Deyang and Mianyang",China
"Jilin Shi, Fengman district",China
Dongning city,China
Langfang,China
Wangkui County and Beilin District of Suihua city,China
Yixing,China
Saming,China
Dingxi,China
Tonghua and Jian,China
Kunming,China
Changde,China
Shaoyang,China
Golmud,China
Tongliao City,China
Hohhot,China
Bayannur,China
Ordos City,China
Gongzhuling,China
Huzhou,China
Panzhihua,China
Shantou,China
Xi shuang ban na,China
Chifeng City,China
Shaxian,China
Sufenhe,China
TongZhou,China
Suihua Beilin district and Wangkui county,China
Xi' An city government,China
Xi'an city government,China
Luoyang,China
Xining,China
Haidong,China
Hechi,China
Zhangzhou,China
NA,Colombia
Bogota,Colombia
Leticia and Bogota,Colombia
Bogota and Leticia,Colombia
Cali,Colombia
Villavicencio,Colombia
Medellin,Colombia
Barranquilla,Colombia
Bogota D.C.,Colombia
NA,Comoros
NA,Costa Rica
NA,Croatia
Zagreb,Croatia
Dubrovnik,Croatia
Sibenik-Knin County,Croatia
NA,Cuba
Ciego de Avila,Cuba
Havana,Cuba
Havana & Pinar del Río,Cuba
Bauta,Cuba
"Turiguanó in Morón, Limpios Grandes and Florencia.",Cuba
Nicosia,Cyprus
NA,Cyprus
Paphos,Cyprus
-,Cyprus
Cypriot authorities : Limassol,Cyprus
Limassol : Cypriot authorities,Cyprus
urban area of Limassol,Cyprus
NA,Czechia
Prague,Czechia
Karlovy Vary and Hradec Králové,Czechia
Plzeň,Czechia
Prague; extended to all major cities with notable public transportation infrastructure in Czech Republic.,Czechia
Olomouc,Czechia
Vlčnov,Czechia
Praque,Czechia
NA,Democratic Republic of the Congo
Kinshasa,Democratic Republic of the Congo
Gombe,Democratic Republic of the Congo
Lubumbashi,Democratic Republic of the Congo
Goma,Democratic Republic of the Congo
NA,Denmark
Aarhus,Denmark
"Brønderslev, Frederikshavn, Hjørring, Jammerbugt, Læsø, Thisted, Vesthimmerland.",Denmark
"Albertslund, Ballerup, Brondby, Copenhagen, Dragor, Frederiksberg, Gentofte, Gladsaxe, Glostrup, Herlev, Hvidovre, Hoje-Taastrup, Ishoj, Lyngby-Taarbaekas, Rodovre, Tarnby, Vallensbaek",Denmark
38 municipalities across the country,Denmark
38 municipalities across Denmark,Denmark
Kolding,Denmark
Borlhom,Denmark
Ishoj,Denmark
Ishøj Municipality,Denmark
"Brøndby, Ishøj, Høje Taastrup and Vallensbæk municipalities",Denmark
Copenhagen,Denmark
"HjÃ¸rring,Frederikshavn,BrÃ¸nderslev,Jammer Bay,Vesthimmerland,Thisted and LÃ¦sÃ¸ municipalities",Denmark
"Hjørring, Frederikshavn, Vesthimmerland, Brønderslev, Jammerbugt, Thisted and Læsø",Denmark
"Holstebro, Ringkøbing-Skjern",Denmark
Nuuk,Denmark
"Kangerlussuaq, Copenhagen",Denmark
Sandkaj and Gothenburg Square,Denmark
Ishj Havn,Denmark
"Skagen, Hasseris",Denmark
Hardeslev,Denmark
Ostre Sobad,Denmark
"Kdbyen, Nrrebroparken",Denmark
7 affected municipalities in North Jutland,Denmark
7 affected municipalities,Denmark
"Hjørring, Frederikshavn, Brønderslev, Jammerbugt, Vesthimmerland, Thisted and Læsø municipalities.",Denmark
every municipality,Denmark
"Hjørring, Frederikshavn, Brønderslev, Jammerbugt, Vesthimmerland, Thisted and Læsø municipalities",Denmark
"Hjørring, Frederikshavn, Brønderslev, Jammerbugt, Vesthimmerland, Thisted and Læsø.",Denmark
North Jutland,Denmark
all cities,Denmark
Klaksvík,Denmark
Faroe Islands,Denmark
Faroe Island,Denmark
Odense Municipality,Denmark
"Copenhagen,Odense municipality",Denmark
"Copenhagen, municipalities surrounding Copenhagen",Denmark
Vesthimmerland,Denmark
North Jutland and 7 affected municipalities,Denmark
"North Jutland and HjÃ¸rring, Frederikshavn, BrÃ¸nderslev, Jammer Bay, Vesthimmerland, Thisted and LÃ¦sÃ municipalities",Denmark
31 affected municipalities,Denmark
31 additional municipalities (not specified),Denmark
31 municipalities (not specified),Denmark
31 municipalities,Denmark
Vollsmose,Denmark
"Copenhagen, Odense municipality",Denmark
"Hjørring, Frederikshavn, Brønderslev, Jammerbugt, Vesthimmerland, Thisted and Læsø",Denmark
"Frederikshavn, Vesthimmerland, Jammerbugt, Thisted, Brønderslev, Hjør- ring og Læsø Kommuner",Denmark
Holstebro and Ringkøbing-Skjern municipalities,Denmark
Bornholm island,Denmark
Tórshavn,Denmark
"Silkeborg, Odder, Favrskov, Skanderborg and Horsens",Denmark
"Aarhus, Silkeborg",Denmark
Copenhagen and its neighbours,Denmark
all cities of Capital Region,Denmark
"Bronderslev, Ringkobing-Skjern, Thisted, Frederikshavn, Aalborg, Jammerbugt, and Hjorring",Denmark
"Ringkøbing-Skjern, Thisted, Brønderslev, Frederikshavn, Aalborg, Jammerbugt, and Hjørring",Denmark
NA,Djibouti
NA,Dominica
NA,Dominican Republic
"Areas IV, VI and VII",Dominican Republic
No particular city,Dominican Republic
NA,Ecuador
Quito,Ecuador
Huaquillas,Ecuador
Cuenca,Ecuador
Guayaquil,Ecuador
Quito and Guayaquil,Ecuador
Sucre,Ecuador
Ambato,Ecuador
Loja,Ecuador
NA,Egypt
Cairo,Egypt
"""The Seven Wells"" village",Egypt
NA,El Salvador
Nuevo Cuscatlán,El Salvador
San Salvador,El Salvador
Metapán,El Salvador
Sonsonate,El Salvador
San Miguel,El Salvador
NA,Equatorial Guinea
NA,Eritrea
Tallinn,Estonia
NA,Estonia
Kuressaare,Estonia
"Tallin, Lahemaa National Park.",Estonia
NA,Eswatini
NA,Ethiopia
NA,European Union
NA,Fiji
Lautoka,Fiji
Suva,Fiji
Kangasala,Finland
NA,Finland
Forssa,Finland
Savonlinna,Finland
Kemi,Finland
Espoo,Finland
Oulu,Finland
Pori,Finland
Helsinki,Finland
Lahti,Finland
Tampere,Finland
Jämsä,Finland
Saarijärvi,Finland
Sastamala,Finland
Mikkeli,Finland
Alavus,Finland
Lapua,Finland
Satakunta,Finland
Southwest Finland,Finland
Lapland,Finland
Vantaa,Finland
Rauma,Finland
Kemijärvi,Finland
Kauniainen,Finland
Turku,Finland
Lohja,Finland
Huittinen,Finland
Kaarina,Finland
Kouvola,Finland
Porvoo,Finland
Riihimäki,Finland
Virrat,Finland
Nokia,Finland
Orivesi,Finland
Parainen,Finland
Raisio,Finland
"Varkaus, Joroinen",Finland
Viitasaari,Finland
Akaa,Finland
Harjavalta,Finland
Vaasa,Finland
Naantali,Finland
Valkeakoski,Finland
Soini,Finland
Ähtäri,Finland
Hyvinkää,Finland
Järvenpää,Finland
Nurmijärvi,Finland
Kurikka,Finland
Rovaniemi,Finland
Kuortane,Finland
Kuhmo,Finland
Kristiinankaupunki,Finland
Mäntsälä,Finland
Tuusula,Finland
Loviisa,Finland
Oulainen,Finland
Evijärvi,Finland
Seinäjoki,Finland
Joensuu,Finland
Varkaus,Finland
"Tampere, Orivesi",Finland
Jyväskylä,Finland
Hamina,Finland
Helsinki Region,Finland
"Helsinki, Espoo, Vantaa",Finland
Uusimaa,Finland
Central Ostrobothnia,Finland
"Helsinki, Espoo, and Vantaa",Finland
NA,France
Oise,France
department Haut-Rhin,France
Paris,France
Roubaix,France
"Ile-de-France, Paris",France
Jeumont,France
Hautmont,France
Colombes,France
Puteaux,France
Asnières-sur-Seine,France
Obernai,France
Charleville-Mézières,France
Sainte-Marie-aux-Mines,France
Lège-Cap-Ferret,France
Le Verdon-sur-Mer,France
Aubervilliers,France
Courbevoie,France
Saint-Médard-de-Guzières,France
Villenave-d'Ornon,France
Saint-Ouen,France
Grand Nancy,France
Lesparre-Médoc,France
Grenoble,France
Lyon,France
Marseille,France
Lille,France
"Toulouse, Montpellier",France
Ile-de-France,France
Saint-Denis de la Réunion (and also Paris),France
Moselle,France
Lorraine,France
the municipality of Contamines-Montjoie,France
Les Contamines-Montjoie commune,France
Nanterre,France
Nancy,France
Hautes-Pyrenees,France
Bordeaux,France
Mulhouse,France
Troyes,France
Strasbourg,France
Metz,France
Colmar,France
Calais and Dunkirk,France
Lizy-sur-Ourcq,France
"The whole departement of Alpes-Maritimes, Nice's administrative district",France
Nice,France
Vaucluse,France
Nantes,France
Versailles,France
"Aix-en-Provence,  Marseille.",France
Yerres,France
Nord,France
Alpes-Maritime,France
Angouleme,France
department Morbihan,France
Rustenhart,France
Saint-Pierre-d'Aurillac,France
Saint-Germain-en-Laye,France
Chamarande,France
Courneuve,France
Marseille and Aix-en-Provence,France
"Marseille, Bordeaux",France
Sceaux,France
Levallois-Perret,France
Sarcelles,France
Nogent-sur-Marne in the department of Val-de-Marne,France
Enghien-les-Bains,France
Gironde,France
"Marseille, Aix-en-Provence",France
"departement of Alpes-Maritimes, Nice's administrative district",France
NA,Gabon
libreville,Gabon
Libreville,Gabon
NA,Gambia
Kanifing,Gambia
NA,Georgia
Gardabani,Georgia
"Kobuleti, Khelvachauri, Martvili and Borjomi.",Georgia
Mestia municipality,Georgia
Lentekhi,Georgia
Geta village,Georgia
"Senaki, Zugdidi",Georgia
Tbilisi,Georgia
NA,Germany
Heinsberg (district/town),Germany
Heinsberg,Germany
Halle,Germany
Bremen (both a state and a city),Germany
Gütersloh (district),Germany
Hildburghausen,Germany
Bremerhaven,Germany
Frankfurt,Germany
Halle (Saale),Germany
Bremen,Germany
Hanau,Germany
Dresden,Germany
Neukölln,Germany
Spandau,Germany
Reinickendorf,Germany
Berlin,Germany
Berlin-Mitte,Germany
Gütersloh,Germany
Burgenlandkreis,Germany
Mitterteich,Germany
Freiburg,Germany
Landkreis Wittenberg,Germany
Kreis Coesfeld,Germany
Geutersloh and Warendorf,Germany
Hamburg,Germany
Treptow-Köpenick,Germany
Pankow,Germany
Charlottenburg-Wilmersdorf,Germany
Friedrichshain-Kreuzberg,Germany
Ilm-Kreis,Germany
Jessen,Germany
Halberstadt,Germany
Göttingen,Germany
Magdeburg,Germany
Salzwedel,Germany
"Hübenthal, village in the district of Witzenhausen",Germany
Munich,Germany
"Gütersloh, Warendorf",Germany
Heide,Germany
unspecified,Germany
Fulda,Germany
Jena,Germany
NA,Ghana
Accra,Ghana
Ayawaso West  Municipal Assembly,Ghana
NA,Greece
N/A,Greece
Kranidi,Greece
"Aspropyrgos, Elefsina, Mandras-Idyllia",Greece
Attica,Greece
Ithaca,Greece
Lamia,Greece
Athens,Greece
Kalymos,Greece
Agios,Greece
Kalymnos,Greece
Chios,Greece
Ioanniton,Greece
Lesvos,Greece
"Angistri, Aegina, Hydra, Kythira, Poros, Salamis and Spetses",Greece
Greece’s health authorities,Greece
"Nea Thalpi, Maria",Greece
Mykonos and Halkidiki,Greece
Imathia,Greece
"Halkidiki, Mykonos, Paros and Antiparos",Greece
"Pella, Pieria, Imathia, Kilkis, Lesvos, Zakynthos (Zante), Mykonos, Halkidiki, Chania and Heraklion (Crete)",Greece
Achaia and Ioannina,Greece
Kozani,Greece
Kastoria,Greece
NA,Grenada
NA,Guatemala
Guatemala; San Miguel Petapa,Guatemala
Villa Hermosa in San Miguel de Petapa,Guatemala
Villa Nueva,Guatemala
Mixco,Guatemala
La Esperanza,Guatemala
San Juan del Obispo in La Antigua Guatemala,Guatemala
Canilla as well as Uspantán,Guatemala
"Taxisco, San Jacinto, La Unión, San Francisco Zapotitlán, Mazatenango",Guatemala
Tzanjuyup 1 and 2 in Chipua in Totonicapan,Guatemala
Monte Carmelo II in  Lo De Mejía,Guatemala
Malacatan,Guatemala
"Chuisuc, Olintepeque",Guatemala
Santiago Commune,Guatemala
San Miguel Petapa,Guatemala
Mazatenango,Guatemala
NA,Guinea
NA,Guinea-Bissau
NA,Guyana
western side of the Berbice River Bridge,Guyana
"Herstelling on the East Bank of Demerara, Paradise on the East Coast of Demerara, Georgetown",Guyana
Georgetown,Guyana
GEORGETOWN,Guyana
Parika-Supenaam,Guyana
Bartica Town,Guyana
NA,Haiti
Les Cayes,Haiti
Petionville,Haiti
NA,Honduras
San Pedro Sula,Honduras
Santa Ana,Honduras
Choluteca,Honduras
NA,Hong Kong
NA,Hungary
Budapest,Hungary
NA,Iceland
Skagafjörður and Akrahreppur,Iceland
Reykjavik,Iceland
NA,India
Kalaburgi,India
Bengaluru,India
Bengaluru Urban and Bengaluru Rural districts,India
Pune,India
"Mumbai, Thane, Navi Mumbai and Panvel",India
Kashmir Division,India
Lower Dibang Valley District- Roing,India
Leh District in Ladak,India
Pune District,India
Pimpari-Chinchwad Municipal corporation in Pune,India
Province of North Goa,India
East Siang,India
District of North Goa,India
Nagpur,India
"Sangli, Kolhapur",India
"Wagholi, Pune",India
Ahmedabad,India
"Indore, Bhopal, Gwalior, Ratlam and Vidisha",India
Solapur,India
Mumbai,India
"Urban areas of eight districts, including Jammu and Srinagar",India
kanpur,India
Ajmer,India
District Roing,India
Pasighat,India
Namsai,India
Srinagar,India
Kolkata Municipality,India
Lunglei,India
Ramgarh,India
Hazaribagh,India
Howrah District,India
Kolkata,India
Ratnagiri,India
Aurangabad,India
Nasik,India
Dhanbad,India
Indore,India
Howrah Municipality,India
Birbhum District,India
Hyderabad,India
Pune Distict,India
Bangalore,India
Berhampur,India
"Ranchi, Chaibasa, Jamshedpur",India
Bhopal,India
Surat,India
Bhubhaneshwar,India
Bidhannagar Municipality,India
Dumka,India
Siliguri,India
Kolkata City,India
Zila Bastar,India
"Bengaluru city, Bengaluru Rural, Mangaluru, Mysuru, Kalaburagi, Dharwad, Chikkaballapura, Kodagu, Belagavi",India
Secunderabad,India
Chandigarh,India
Kohima,India
Micro-zones not specified,India
"Bengaluru, Bengaluru Rural, Mysuru, Kodagu, Dakshina Kannada (Mangaluru), Dharwad, Belagavi, Kalaburgi, Chikkablapur",India
Pune city district,India
"Pune, Baramati",India
Aizawl,India
"Chennai, Madurai",India
Bhadrak,India
Cuttack,India
Burla,India
Srinangar,India
North Dum Dum City,India
Kolhapur,India
"Raipur, Birgaon",India
Sangli,India
Jaigaon,India
Shillong,India
Nadia District,India
Samba,India
Raipur,India
Delhi,India
Puducherry,India
East SIngbhum,India
East Singbhum,India
New Delhi,India
Simdega,India
Ranchi,India
not specified,India
South Goa,India
Bilaspur,India
"Ahmedabad, Vadodara, Surat and Rajkot",India
"Zila Dandadhikari, Zila Badaulbazar-Bhatapara",India
Pune City,India
"Chamarajanagar, Koppal, Chikkamagaluru, Raichur, Chitradurga, Ramanagaram, Hassan, Shivamogga, Haveri, Yadgir, Kolar, Davangere, Udupi, and Kodagu districts",India
"Namsai District - Nmasai, Chongkham, Lekang, Piyong and Latho circle",India
Itanagar,India
Lower Dibang Valley-Roing,India
Bijapur,India
Diu District,India
District of South Goa,India
Surajpur,India
"Zila South Bastar, Dantewada",India
"Bengaluru urban, Bengaluru Rural, Dakshina Kannada, Mysuru, Kalaburagi, Dharwad, Chikkaballapura, Kodagu, Belagavi",India
Kutch,India
Lower Dibang District - Roing,India
"New Town, Kolkata",India
Solo,Indonesia
Depok,Indonesia
NA,Indonesia
Bogor,Indonesia
Surabaya,Indonesia
Regency of Sukabumi,Indonesia
Sukabumi,Indonesia
Tegal,Indonesia
Pariaman,Indonesia
Bandung (city),Indonesia
Bireuen Municipality,Indonesia
Garut Municipality,Indonesia
Mataram,Indonesia
Jambi,Indonesia
Pekalongan,Indonesia
Regency of Gorontalo,Indonesia
Regency of Purbalingga,Indonesia
Regency of Sikka,Indonesia
Regency of Sidoarjo,Indonesia
Jakarta,Indonesia
Regency of Mimika,Indonesia
Pekanbaru,Indonesia
Makassar,Indonesia
Kendari,Indonesia
Sabang,Indonesia
Padang,Indonesia
Regency of Gowa,Indonesia
South Tangerang,Indonesia
Bekasi,Indonesia
Regency of Buleleng,Indonesia
Regency of West Aceh,Indonesia
Palangka Raya,Indonesia
Regency of Karawang,Indonesia
Tasikmalaya,Indonesia
Regency of Purwakarta,Indonesia
Regency of Cirebon,Indonesia
Ambon,Indonesia
Tangerang,Indonesia
Bandung,Indonesia
Medan,Indonesia
Cirebon,Indonesia
Kediri,Indonesia
Regency of Tangerang,Indonesia
Regency of Southeast Minahasa,Indonesia
Regency of Bekasi,Indonesia
Semarang,Indonesia
Regency of Bogor,Indonesia
Banjarmasin,Indonesia
Palembang,Indonesia
Regency of Garut,Indonesia
Regency of Sinjai,Indonesia
The Regency of Blora,Indonesia
Regency of Kampar,Indonesia
Regency of Agam,Indonesia
Jayapura,Indonesia
Manado,Indonesia
Malang,Indonesia
City of Sukabumi,Indonesia
Bekasi (city),Indonesia
City of Yogyakarta,Indonesia
Madiun,Indonesia
Regency of Jember,Indonesia
The Regency of Kudus,Indonesia
Cimahi,Indonesia
Regency of Malang,Indonesia
Salatiga,Indonesia
Banda Aceh,Indonesia
NA,Iran
Tehran,Iran
Qom,Iran
Abadan,Iran
NA,Iraq
District Of Choman,Iraq
Baghdad,Iraq
NA,Ireland
Dublin,Ireland
NA,Israel
Eilat,Israel
Deir el-Asad and Beineh,Israel
"Ministerial Committee declared three neighborhoods as ""restricted areas"": in Jerusalem: Romema Merkaz, and in Hura the neighborhoods 9 (Kuwa'in) and 10",Israel
Telzstone,Israel
Nazareth,Israel
No,Israel
Eilat and Ein Bokek,Israel
Bat-Yam,Israel
Ashdod,Israel
Bat Yam,Israel
Tel Aviv,Israel
Jerusalem,Israel
NA,Italy
Codogno; Castiglione; d’Adda; Casalpusterlengo; Fombio; Maleo; Somaglia; Bertonico; Terranova dei Passerini; Castelgerundo; San Fiorano; Vo;,Italy
Province of Bolzano,Italy
"Province of Brescia and of the municipalities of Viadanica, Predore, Adrara San Martino, Sarnico, Villongo, Castelli Calepio, Credaro, Gandosso (BG) and Soncino (CR)",Italy
Turin,Italy
Milan,Italy
Vicenza,Italy
University Hospital of Padua (Padua),Italy
"the territory of Brescia, Viadanica, Predore, Adrara San Martino, Sarnico, Villongo, Castelli Calepio, Credaro, Gandosso (BG) e Soncino (CR).",Italy
"Brescia, Viadanica, Predore, Adrara San Martino, Sarnico, Villongo, Castelli Calepio, Credaro, Gandosso (BG) e Soncino (CR)",Italy
"Modena, Parma, Piacenza, Reggio Emilia, Rimini, Pesaro und Urbino, Alessandria, Asti, Novara, Verbano Cusio Ossola, Vercelli, Padua, Treviso and Venedig",Italy
Municipality of Cutro (Province of Crotone),Italy
Municipalities of Rogliano and Santo Stefano di Rogliano (Province of Cosenza),Italy
Municipality of Serra di San Bruno (Province of Vibo Valentia),Italy
Municipality of Pontey,Italy
"Chiaravalle Centrale, Soverato, Cenadi, Torre di Ruggero and Vallefiorita (Province of Catanzaro)",Italy
Municipality of Melito Porto Salvo (Province of Reggio Calabria),Italy
"Via Croce di Gragnano, Sant'Antonio Abate (Province of Napoli)",Italy
Municipality of Campomarino (Province of Campobasso),Italy
Municipality of Chiusi (Province of Siena),Italy
"Province of Perugia and the Municipalities of Amelia, Attigliano, Calvi dell'Umbria, Lugnano in Teverina, Montegabbione and San Venanzo (Province of Terni)",Italy
Provinces of Chieti and Pescara,Italy
Province of Ancona,Italy
Municipality of Re (Province of Verbano-Cusio-Ossola),Italy
Municipality of Bono (Province of Sassari),Italy
"Municipalities of Merano, Rifiano, Moso in Passiria, and S. Pancrazio (Province of Bolzano)",Italy
Municipality of Cecina (Province of Livorno),Italy
"Municipalities of Malles Venosta, Lana, San Martino in Passiria, Caines and San Leonardo in Passiria (Province of Bolzano)",Italy
Municipality of San Teodoro (Province of Sassari),Italy
"Municipalities of Abetone Cutigliano, Agliana, Buggiano, Chiesina Uzzanese, Lamporecchio, Larciano, Marliana, Massa e Cozzile, Monsummano Terme, Montale, Montecatini-Terme, Pescia, Pieve a Nievole, Pistoia, Ponte Buggianese, Quarrata, Sambuca Pistoiese, San Marcello Piteglio, Serravalle Pistoiese and Uzzano (Province of Pistoia)",Italy
"Municipalities of Abbadia San Salvatore, Asciano, Buonconvento, Casole d'Elsa, Castellina in Chianti, Castelnuovo Berardenga, Castiglione d'Orcia, Cetona, Chianciano Terme, Chiusdino, Chiusi, Colle di Val d'Elsa Gaiole in Chianti, Montalcino, Montepulciano, Monteriggioni, Monteroni d'Arbia, Monticiano, Murlo, Piancastagnaio, Pienza, Poggibonsi, Radda in Chianti, Radicofani, Radicondoli, Rapolano Terme, San Casciano dei Bagni, San Gimignano, San Quirico d'Orcia, Sarteano, Siena, Sinalunga, Sovicille, Torrita di Siena, Trequanda (Province of Siena)",Italy
"Municipalities of Tirolo, Silandro and Parcines (Province of Bolzano)",Italy
"Municipalities that fall under the Districts of Cesena and Valle del Savio, Rubicone, Faenza, Lugo, Ravenna, Riccione and Rimini",Italy
Municipality of Scena (Province of Bolzano),Italy
"Municipalities of Bagnolo Piemonte, Barge, Crissolo, Envie, Gambasca, Martiniana Po, Oncino, Ostana, Paesana, Revello, Rifreddo and Sanfront (Province of Cuneo); Municipalities of Bricherasio and Scalenghe (City of Turin)",Italy
Municipality of Crescentino (Province of Vercelli),Italy
"Provinces of Forlì, Ravenna and Rimini",Italy
Municipality of Sassari (Province of Sassari),Italy
Perugia,Italy
Prov. Ganzanigo - Medicina,Italy
Ganzanigo;Medicina,Italy
Codogno; Castiglione d’Adda; Casalpusterlengo; Fombio; Maleo; Somaglia; Bertonico; Terranova dei Passerini; Castelgerundo; San Fiorano; Vo,Italy
NA,Ivory Coast
abidjan,Ivory Coast
Adiaké,Ivory Coast
"In the JEKAWILI group, protective measures have been taken. Closure of the reception centre from 18 March to 18 April.",Ivory Coast
Minignan,Ivory Coast
Prikro,Ivory Coast
NA,Jamaica
Portmore,Jamaica
NA,Japan
"Zamami Village, Kerama Islands",Japan
Matsue City,Japan
Iwaki City,Japan
Itoman,Japan
Nobeoka City,Japan
Ishigaki City,Japan
Miyako,Japan
Ishigaki,Japan
Ishigaki City (Okinawa); Taketomi Town (Okinawa); Yonaguni Town (Okinawa),Japan
Kudaka Island,Japan
Minami-Daitō,Japan
Minami-daitō,Japan
Kudaka Island (Nanjō),Japan
Tarama Island,Japan
Naha,Japan
Kudaka Island (Nanjō),Japan
Yokohama,Japan
Sendai,Japan
Hiratsuka,Japan
Osaka City,Japan
Tsukuba,Japan
Tokyo Metropolitan Government,Japan
Fukuoka City,Japan
Niigata City,Japan
Nagoya,Japan
Yokosuka City,Japan
Fukuyama City,Japan
Minami-daitō Island,Japan
"Zamami, Kerama Islands, Okinawa",Japan
"Kudaka Island, Nanjo",Japan
"Taketomi, Ishigaki, Yaeyama Islands",Japan
Kamakura,Japan
MARINE CORPS AIR STATION IWAKUNI,Japan
Sapporo City,Japan
Ishigaki Island,Japan
Ishikari District,Japan
Kōbe City,Japan
"Fuchu City, Tokyo",Japan
"Mitaka City, Tokyo Prefecture",Japan
Tokyo,Japan
Naha City,Japan
Shimojishima,Japan
Matsue,Japan
Fukuoka,Japan
Okuizumo,Japan
Okinawa City,Japan
"Tarama Island, Miyako",Japan
Oshimenawa,Japan
Miyakojima,Japan
Uruma City,Japan
Saku,Japan
Yamato City,Japan
NA,Jordan
Amman,Jordan
Irbid,Jordan
NA,Kazakhstan
Nur-Sultan,Kazakhstan
Baikonur,Kazakhstan
Almaty,Kazakhstan
Shymkent,Kazakhstan
Atyrau,Kazakhstan
Petropavlovsk,Kazakhstan
"Kurchum, Katon-Karagai, Zaysan, Kokpektinsky districts, the city of Ridder, and the Altai region",Kazakhstan
Taldykorgan,Kazakhstan
Oktyabrsky district of the Karaganda region,Kazakhstan
"Karaganda city, Octiyabrskiy region",Kazakhstan
Petropavlsk,Kazakhstan
Almaty region,Kazakhstan
Kyzlorda,Kazakhstan
Stepnogorsk,Kazakhstan
nur-sultan,Kazakhstan
Pavlodar,Kazakhstan
Turkistan region,Kazakhstan
Astana (Nur-Sultan),Kazakhstan
Aktobe,Kazakhstan
Nur-sultan,Kazakhstan
Astana,Kazakhstan
Karaganda,Kazakhstan
Kokshetau,Kazakhstan
Taraz,Kazakhstan
Balkhash,Kazakhstan
Kokshetau and Stepnogorsk,Kazakhstan
"Almaty, Nur-Sultan",Kazakhstan
Zharkent,Kazakhstan
Zarechny,Kazakhstan
Akkol,Kazakhstan
Karachaganak,Kazakhstan
villages in North Kazakhstan,Kazakhstan
Sokolovka,Kazakhstan
Село Бурлин Бурлинского района,Kazakhstan
Kostanay,Kazakhstan
Nursultan,Kazakhstan
"Kokshetau, Stepnogorsk",Kazakhstan
NA,Kenya
Kibera,Kenya
NA,Kiribati
Abaiang island council,Kiribati
NA,Kosovo
Pristina,Kosovo
NA,Kuwait
Jleeb al-Shuyoukh and Mahboula,Kuwait
Farwaniya,Kuwait
Khaitan,Kuwait
Kuwait municipality,Kuwait
Kuwait City,Kuwait
NA,Kyrgyzstan
Bishkek,Kyrgyzstan
Suzak,Kyrgyzstan
"Osh, Bishkek",Kyrgyzstan
Osh,Kyrgyzstan
Karakol,Kyrgyzstan
NA,Laos
Vientiane,Laos
Tonpheung,Laos
NA,Latvia
"Daugavpils, Baldone, Krāslava, Salacgrīva, Aknīste, Varakļāni, Mārupe, Mālpils, Smiltene, Garkalne, Limbaži and Salaspils",Latvia
Riga,Latvia
NA,Lebanon
Kfarhabou,Lebanon
Brital,Lebanon
Bsharri,Lebanon
Barr Elias,Lebanon
Tyre,Lebanon
Mazboud,Lebanon
Majdal Anjar,Lebanon
neighborhood of Marg in Hermel,Lebanon
Bazourieh; Al-Butm Mountains,Lebanon
NA,Lesotho
NA,Liberia
NA,Libya
Misratah,Libya
Al Kufrah,Libya
Al Jaghbub,Libya
Sabha,Libya
Ghadames,Libya
Ghat,Libya
Abu Salim,Libya
Benghazi,Libya
Souq Al-Juma,Libya
Misuratah,Libya
NA,Liechtenstein
Vaduz,Liechtenstein
NA,Lithuania
Vilnius,Lithuania
Šiauliai district,Lithuania
Vilnius and Kaunas,Lithuania
Nemenčinė,Lithuania
Raseiniai,Lithuania
Birštonas,Lithuania
Palanga,Lithuania
Druskininkai,Lithuania
Raseiniai District Municipality,Lithuania
NA,Luxembourg
Schifflange,Luxembourg
Luxembourg,Luxembourg
NA,Macau
NA,Madagascar
NA,Malawi
NA,Malaysia
Kota Kinabalu,Malaysia
Kedah,Malaysia
Kuala Lumpur,Malaysia
"Sibu Division (districts of Sibu, Kanowit and Selangau)",Malaysia
NA,Maldives
NA,Mali
NA,Malta
NA,Marshall Islands
NA,Mauritania
Toujounine,Mauritania
Aleg,Mauritania
Tevragh Zeina,Mauritania
Kiffa,Mauritania
NA,Mauritius
NA,Mexico
Juárez,Mexico
Nacozari de García,Mexico
Capulálpam,Mexico
Solidaridad,Mexico
Mexicali,Mexico
Mexico City,Mexico
Zongolica,Mexico
Saltillo,Mexico
Chihuahua,Mexico
Durango,Mexico
Jonuta,Mexico
Escobedo,Mexico
Allende,Mexico
Monterrey,Mexico
Lázaro Cárdenas,Mexico
Tamiahua,Mexico
Tecolutla,Mexico
Luvianos,Mexico
"Tlatlaya, Amatepec, Luvianos",Mexico
Tlatlaya,Mexico
Huimanguillo,Mexico
Tlaxiaco,Mexico
Ensenada,Mexico
San Pedro,Mexico
Los Mochis,Mexico
Aguascalientes,Mexico
El Llano,Mexico
Rincón de Romos,Mexico
Comondú,Mexico
Los Cabos,Mexico
La Paz,Mexico
"Moyahua, Apozol, Jalpa, Juchipila, Tabasco and others.",Mexico
Cuernavaca,Mexico
León,Mexico
Chilpancingo,Mexico
San Miguel de Allende,Mexico
NA,Micronesia
NA,MISSING
NA,Moldova
Chisinau,Moldova
Singerei,Moldova
Hincesti,Moldova
NA,Monaco
Monaco,Monaco
NA,Mongolia
Ulaanbaatar,Mongolia
NA,Montenegro
n/a,Montenegro
NA,Morocco
Casablanca,Morocco
Khenifra,Morocco
Tangier,Morocco
"Kenitra, Mehdya",Morocco
Tétouan,Morocco
Fes,Morocco
Mohammedia,Morocco
Benslimane Province,Morocco
El Jadida Province,Morocco
Nouaceur Province,Morocco
Tangier-Assila,Morocco
Kenitra Province,Morocco
Larache Province,Morocco
El Hajeb Province,Morocco
Berrechid Province,Morocco
Mediouna Province,Morocco
The Local leadership of the COVID-19 committee in Kenitra province imposed these restrictions on the city of Kenitra and the nearby town of Mehdya,Morocco
NA,Mozambique
Maputo,Mozambique
NA,Myanmar
Mandalay,Myanmar
Sittwe,Myanmar
Naypyidaw,Myanmar
Yangon,Myanmar
Taunggyi,Myanmar
Myawady,Myanmar
Kalay,Myanmar
Nay Pyi Taw,Myanmar
Latha Township,Myanmar
Mandalay city,Myanmar
Myitkyina,Myanmar
Mingalar Taung Nyunt,Myanmar
NA,Namibia
Swakopmund,Namibia
NA,Nauru
NA,Nepal
Kathmandu,Nepal
Rajbiraj,Nepal
Biratnagar,Nepal
Banke,Nepal
Parsa,Nepal
"Kathmandu, Bhaktapur, Lalitpur",Nepal
Kathmandu Valley,Nepal
NA,Netherlands
Vlaardingen,Netherlands
gemeente Rotterdam; Veiligheidsregio Rotterdam,Netherlands
Maastricht,Netherlands
Hague,Netherlands
Amsterdam-Amstelland,Netherlands
Amsterdam,Netherlands
Rotterdam,Netherlands
NA,New Zealand
Rotorua,New Zealand
NA,Nicaragua
Managua,Nicaragua
NA,Niger
Niamey,Niger
NA,Nigeria
Ekwusigo,Nigeria
Guri,Nigeria
Ogbaru,Nigeria
Osogbo,Nigeria
NA,North Korea
Pyongyang,North Korea
NA,North Macedonia
Kumanovo Municipality,North Macedonia
Kumanovo,North Macedonia
Debar,North Macedonia
Centar Zhupa,North Macedonia
Lipkovo,North Macedonia
Shtip,North Macedonia
Karbinci,North Macedonia
NA,Northern Cyprus
NA,Norway
olso,Norway
Tromsø,Norway
Longyearbyen,Norway
Oslo,Norway
"Oslo (and other cities: Trondheim, Stavanger)",Norway
Indre Østfold kommune,Norway
Hamar,Norway
"Stange, Ringsaker, Løten",Norway
Indre Østfold,Norway
"Hamar, Ringsaker, Løten, Stange",Norway
NA,Oman
Seeb,Oman
Duqm (SEZAD),Oman
ولاية العامرات,Oman
Barka,Oman
NA,Pakistan
Hyderabad,Pakistan
Lahore,Pakistan
Rawalpindi,Pakistan
Islamabad (Islamabad),Pakistan
Karachi,Pakistan
Peshawar,Pakistan
Faisalabad,Pakistan
Islamabad,Pakistan
NA,Palau
NA,Palestine
Nablus,Palestine
Ramallah,Palestine
NA,Panama
NA,Papua New Guinea
South FLY district,Papua New Guinea
Ambunti-Drekikier,Papua New Guinea
Port Moresby,Papua New Guinea
Nipa- Kutubu District,Papua New Guinea
NA,Paraguay
Asuncion,Paraguay
Caacupé,Paraguay
Pedro Juan Caballero,Paraguay
Pilar,Paraguay
Filadelfia,Paraguay
Asucion,Paraguay
San Roque González de Santa Cruz and Ybycuí,Paraguay
NA,Peru
NA,Philippines
General Santos City,Philippines
Pasay City,Philippines
National Capital Region of Manila,Philippines
iligan City,Philippines
Legazpi City,Philippines
The city of Valenzuela (Camanava),Philippines
The City of Malabon,Philippines
The city of Navotas and Caloocan,Philippines
Manila,Philippines
City of Caloocan,Philippines
Baguio City,Philippines
the municipality of Sibalom,Philippines
City of Davao,Philippines
Marawi City,Philippines
Calbayog City,Philippines
city government of Cabanatuan,Philippines
Tuguegarao City,Philippines
Davao City,Philippines
Iloilo City,Philippines
Cebu City,Philippines
San Pedro City,Philippines
Manila City,Philippines
Santa Rosa,Philippines
Libagon,Philippines
the municipality of Libagon,Philippines
City of San Juan,Philippines
Quezon city,Philippines
Muntinlupa City,Philippines
Las Piñas City,Philippines
Talisay City,Philippines
Parañaque City,Philippines
Mandaluyong City,Philippines
Sogod,Philippines
Tagbilaran City,Philippines
Zamboanga City,Philippines
The municipal of Carmona,Philippines
Digos City,Philippines
Quezon City,Philippines
Antipolo City,Philippines
"Caloocan, Malabon, Navotas, Valenzuela",Philippines
San Juan City,Philippines
Taguig City,Philippines
The cities of Vigan and Candon,Philippines
Bacolod City,Philippines
Kidapawan City,Philippines
Borongan City,Philippines
Pasig City,Philippines
Iligan City,Philippines
The City of Talisay,Philippines
iloilo city,Philippines
The municipality of Naval,Philippines
Tacloban City,Philippines
Cebu city,Philippines
San Juan,Philippines
City of Manila,Philippines
Borongan city,Philippines
Metro Manila,Philippines
Navotas,Philippines
Pateros City,Philippines
Toledo City,Philippines
Tanay,Philippines
Guiuan,Philippines
City of San Carlos,Philippines
Guiuan town,Philippines
Tabuk City,Philippines
Puerto Galera,Philippines
Dumanjug,Philippines
Passi City,Philippines
The municipality of Lupon,Philippines
The Island Garden City of Samal (Igacos),Philippines
Navotas City,Philippines
Naic Municipality,Philippines
Bugaio city,Philippines
Malabon City,Philippines
Caloocan City,Philippines
Kalibo,Philippines
Maasin City,Philippines
Mati City,Philippines
Quezon,Philippines
San Mateo,Philippines
Valenzuela City,Philippines
Gandara,Philippines
Sta. Margarita,Philippines
Sampaloc district,Philippines
Apalit,Philippines
San Mateo Municipal,Philippines
San Julian,Philippines
Leyte,Philippines
"Tcloban City Villages 42-A (Rizal Avenue), 6-A (Sto. Niño Extension), 109-A (V and G), 109 (V and G), 60 (Gotaw), 87 (San Jose), 84 (Cogon), 94 (Tigbao), 43-B (Quarry District), 95 (Caibaan), 65 (Paseo de Legaspi), 93 (Bagacay), 96 (Calanipawan), 62-A (Ilong, Sagkahan), 62-B (Kalipayan, Sagkahan), 105 (Suhi), 63 (Mangga, Sagkahan), 57 (White Lane, Sampaguita), 99 (Diit), 54 (Magallanes), and 56 (Pericohon).",Philippines
Catbalogan City,Philippines
"Barangays Cadre Site, Darawey, Tambac, Bical Norte, and Purok 3 of Barangay Ambayat 1st",Philippines
"Placed under lockdown are barangays Poblacion, Camaya, Maligaya, San Carlos, San isidro, Sisiman, Balon Anito, Malaya, and Ipag.",Philippines
Two adjacent communities in Maasin City - Purok Talisay and Purok Tambis,Philippines
"These 23 villages are Acacia, Airport Village, Bangkerohan, Baybay, Calachuchi, Cawayan, Casoy, Dalakit, Ipil-Ipil, Jose Abad Santos, Jose P. Rizal, Lapu-lapu, Macagtas, Mabolo, Molave, Narra, Sampaguita, Santol, Talisay, UEP (University of Eastern Philippine) Zone 1, UEP Zone 2, UEP Zone 3, and Yakal.",Philippines
"Combado, Tagnipa, Tunga-tunga, Mantahan, and Asuncion",Philippines
Hernani,Philippines
Baybay City,Philippines
Santiago City,Philippines
the City of Navotas,Philippines
Ormac City,Philippines
Catbalogan,Philippines
Barcolod City,Philippines
Cabanatuan city,Philippines
Apalite,Philippines
the Municipality of Dumanjug,Philippines
National Capital Region (NCR),Philippines
the municipality of Naic,Philippines
NA,Poland
Gdansk,Poland
Gdynia,Poland
NA,Portugal
Porto,Portugal
The district of Santarém,Portugal
Ovar,Portugal
NA,Qatar
Doha,Qatar
NA,Republic of the Congo
Brazzaville,Republic of the Congo
Pointe-Noire,Republic of the Congo
NA,Romania
Brasov,Romania
Timis,Romania
Suceava,Romania
Kolozsvár,Romania
Timișoara,Romania
Timisoara,Romania
Deva,Romania
Bran,Romania
Bucharest,Romania
Sibiu,Romania
Cluj-Napoca,Romania
Târgu Mureş,Romania
Cluj-Napoca and the communes of Floresti and Săvădisla,Romania
NA,Russia
moscow,Russia
Kaliningrad,Russia
Vladimir,Russia
Moscow,Russia
Vologda,Russia
Ufa,Russia
Voronezh,Russia
Saratov,Russia
Kursk,Russia
Vladivostok,Russia
Arsenyeva,Russia
Saint Petersburg,Russia
Krasnoyarsk city,Russia
"Vladivostok, Artem, Nakhodka, Arsenyev and Shkotovsky",Russia
"Arseniev, Artem, Bolshoy Kamen, Vladivostok, Lesozavodsk, Nakhodka, Ussuriysk, Oktyabrsky District and Chernihiv District.",Russia
No,Russia
"Abakan,  Chernogorsk, Sayanogorsk, Ust-Abakansky Council",Russia
Omsk,Russia
St Petersburg,Russia
Cherepovets,Russia
Yakutsk,Russia
Yuzhno-Sakhalinsk,Russia
Tomsk city,Russia
Syktyvkar,Russia
Krasnoyarsk,Russia
Syktyvkar and Ukhta,Russia
Izhevsk,Russia
Krasnoyarskiy,Russia
Vologda and Cherepovets,Russia
Orel,Russia
Severstal,Russia
Vostretsovo,Russia
"Yakutsk, Mirny, Udachny",Russia
De-Kastri,Russia
Tver,Russia
Aldan,Russia
Novocheboksarsk,Russia
Elista,Russia
Belogorsk,Russia
Mednogorsk,Russia
the village of Ilek,Russia
Blagoveschensk,Russia
"Blagoveschensk, Svobodniy, Belogorsk",Russia
Tomsk,Russia
Svobodniy city,Russia
Bira Bir,Russia
Shchyokino,Russia
Velikyi Novgorod,Russia
"Balashovsky District, Saratov",Russia
St. Petersburg,Russia
Khabarovsk,Russia
Cheboksary,Russia
Novosibirsk,Russia
Tarko-Sale,Russia
St.-Petersburg,Russia
Gritsovsky,Russia
Veliky Novgorod,Russia
Pevek,Russia
Orshanka city,Russia
Salekhard,Russia
Purovsk,Russia
Blagoveshchensk,Russia
Shuryshkarsky District,Russia
Novy Urengoy,Russia
Tazovsky,Russia
Soletsky District,Russia
Barnaul,Russia
Eletsk,Russia
Arkhangelskaya,Russia
"Vladivostok, Artem",Russia
Valuisk city,Russia
Staraosolsk city,Russia
Engels city and Engels Region,Russia
Vilyuchinsk,Russia
Tula,Russia
Abakan,Russia
Anadyr,Russia
Artyom,Russia
Petropavlovsk,Russia
arkhangelskaya,Russia
Labytnangi,Russia
Tomsk City,Russia
"Ezhva, Ukhta, Usinsk and Pechora",Russia
Ukhta,Russia
Chita,Russia
Yaroslavl,Russia
Kazan,Russia
Ryazan,Russia
Aldan city and Leninsky,Russia
"Tula, Donskoy, Shchekin, Kurkin and Efremov",Russia
Svobodniy,Russia
"Blagoveschensk, Belogorsk, Svobodniy",Russia
Dushanbe and Bohtar (Tajikistan),Russia
Vologda city,Russia
Yantikovsky district,Russia
Oktyabrsk,Russia
Almetyevsk,Russia
Mozhga,Russia
Aldan and Leninsky,Russia
Yershov,Russia
Baltaysky District,Russia
Yershovsky District,Russia
"Saratov, Marx and Volsk",Russia
Cherkasskoe and Spasskoe villages in Volsky district,Russia
Ozernoye village in Atkarsky District,Russia
Krasnokutsky District,Russia
Samoylovsky District,Russia
Novouzensky District,Russia
"nadyr, Pevek, Bilibina, Ugolniye Kopi, Tavayvaam, Keperveem",Russia
Verkhazovka village in Dergachyovsky District,Russia
Chumikan,Russia
"Anadyr, Pevek, Bilibino, Ugolny Kopi, s. Tavaivaam, s. Kepervey",Russia
"village De-Kastri, Ulchi district",Russia
"Urban district of Yugorsk, the urban settlement of Sovetsky",Russia
Uray urban district,Russia
Gorno-Altaisk (the capital of the Altai Republic of the Russian Federation),Russia
Rossosh,Russia
Murmansk,Russia
Terneisky municipal district,Russia
"Donsky, Kurkino",Russia
the village of Novonikitino,Russia
Orenburg.,Russia
"Aikhal village, Udachnyi city",Russia
Altai,Russia
Khibiny,Russia
"Blagoveschensk, Svobodniy districts",Russia
Derbent,Russia
"urban district of Yugorsk, the urban settlement of Sovetsky",Russia
Yakutia,Russia
Voronezj,Russia
Astrakhan,Russia
Naberezhny Chelny,Russia
Togliatti,Russia
Nakhodka,Russia
Olekminskiy Ulus,Russia
Churapchinsky ulus,Russia
Churapchinsky District,Russia
Perm,Russia
settlements in the Kursk region,Russia
Kyzyl,Russia
Bilibino,Russia
Yoshkar-Ola,Russia
Not specified,Russia
NA,Rwanda
Nyamagabe and Nyamasheke Districts,Rwanda
NA,Saint Kitts and Nevis
NA,Saint Lucia
Rodney Bay,Saint Lucia
NA,Saint Vincent and the Grenadines
NA,Samoa
NA,San Marino
NA,Sao Tome and Principe
NA,Saudi Arabia
Jeddah Municipality,Saudi Arabia
Makkah,Saudi Arabia
The Dammam 2nd Industrial City,Saudi Arabia
NA,Senegal
Lycee,Senegal
Ribot Escal,Senegal
Nioro du Rip,Senegal
Vélingara,Senegal
Diakhao-Sine,Senegal
Velingara Ferlo (Ranerou),Senegal
Sandiara (Mbour),Senegal
Kaffrine,Senegal
Rufisque,Senegal
NA,Serbia
NA,Seychelles
NA,Sierra Leone
Freetown,Sierra Leone
NA,Singapore
NA,Slovakia
Bratislava,Slovakia
Nitra,Slovakia
"Trebišove, ranove nad Topľou,Rimavskej Sobote, Košiciach,Trenčíne,Vranove nad Topľou, Banskej Bystrici,etc,.",Slovakia
"Bratislava, Nitra, Tvrdošín, Stará Ľubovňa, and Michalovce.",Slovakia
Považská Bystrica and Myjava,Slovakia
Ruzomberok,Slovakia
NA,Slovenia
Ljubjana (Joze Puznik Airport),Slovenia
"Ljubljana, Gornja Radgona.",Slovenia
Ljubljana,Slovenia
Moravče,Slovenia
NA,Solomon Islands
NA,Somalia
Puntland,Somalia
Somaliland,Somalia
Mogadishu,Somalia
NA,South Africa
John Taolo Gaetsewe District Municipality,South Africa
Mogale City Local Municipality,South Africa
City of Cape Town,South Africa
NA,South Korea
N/A,South Korea
Deagu,South Korea
Daegu,South Korea
Seoul,South Korea
NA,South Sudan
Bor,South Sudan
NA,Spain
Madrid,Spain
"Risk areas, on March 9th: Comunidad de Madrid, Vitoria, Labastida",Spain
"Igualada, Jorba, Vilanova del Camí, Santa Margarida de Montbui and Òdena",Spain
Barcelona,Spain
Melilla,Spain
Lozoyuela-Navas-Sieteiglesias,Spain
Formentera,Spain
Mallorca,Spain
Ibiza,Spain
"Mallorca, Ibiza",Spain
Girona,Spain
Palma,Spain
Inca,Spain
Manacor,Spain
Cala d'Or,Spain
Port d'Alcúdia,Spain
Lloret de Mar,Spain
Reus,Spain
l’Hospitalet de Llobregat,Spain
Tortosa,Spain
Vilanova i la Geltrú,Spain
Badalona,Spain
Tarragona,Spain
El Segriá,Spain
Tossa de Mar,Spain
Roses,Spain
Lleida,Spain
Ejea de los Caballeros,Spain
municipality of Andorra,Spain
municipality of La Almunia de Doña Godina,Spain
municipality of Zaragoza,Spain
municipality of Huesca,Spain
Menorca,Spain
Marina,Spain
municipality of Villarta de los Montes,Spain
La Barquilla population center,Spain
he Valencia de las Torres,Spain
Llera,Spain
town of La Haba,Spain
town of Cabeza del Buey,Spain
Casar de Cáceres,Spain
Casariche,Spain
Almodovar del Rio (province of Cordoba),Spain
"Huesca, Teruel, Zaragoza",Spain
"Hervás, Arroyomolinos, Alcuéscar and Los Santos de Maimona",Spain
Aliseda,Spain
"Logrosán, Cañamero and Talayuela",Spain
No it applies for all municipalities in Catalonia,Spain
"municipalities of Cabezuela del Valle, Zarza la Mayor, Torreorgaz and Pueblonuevo del Guadiana",Spain
N/A,Spain
"San Vicente de Alcántara, Miajadas, Valencia de Alcántara, Puebla de la Calzada, Malpartida de Plasencia, Villafranca de los Barros, Santa Amalia, Ribera del Fresno, Trujillo, Montijo, Talavera la Real, Albuquer- que, Calamonte, La Zarza, Herrera del Duque, Hervás, Arroyo de San Serván, Villanueva del Fresno, Valverde de Leganés, Aceuchal, Barcarrota y Santa Marta",Spain
Calamonte,Spain
municipality of Los Santos de Maimona,Spain
the municipalities of Arroyo de San Serván and Jerez de los Caballeros,Spain
the municipalities of Bienvenida and Monesterio,Spain
the municipalities of Malpartida de Plasencia and Torrejoncillo,Spain
the municipality of Moralejathe,Spain
the municipalities of Barcarrota and Valdelacalzada,Spain
municipality of Santa Amalia,Spain
Villafranca de los Barros,Spain
municipality of Valverde de Leganés,Spain
municipality of Salvatierra de los Barros,Spain
"municipalities of Trujillo, Jaraíz de la Vera and Montehermosor",Spain
"lmoharín, Cabezuela del Valle and Ceclavín",Spain
"municipalities of Calamonte, Castuera, Guareña, Talavera la Real, Puebla de la Calzada and Puebla de Sancho Pérez",Spain
"the municipalities of Salvatierra de los Barros, Valverde de Leganés and Villafranca de los Barros",Spain
"the municipalities of Aceituna, Arroyo de la Luz, Madrigalejo and Guadalupe",Spain
"the municipalities of of Hornachos, Los Santos de Maimona and Siruela",Spain
"the municipalities of of Hervás, Losar de la Vera and Miajadas",Spain
"the municipalities of  Oliva de la Frontera, Quintana de la Serena, Bienvenida and Villanueva del Fresno",Spain
"he municipalities of Oliva de la Frontera, Miajadas, Santa Marta de los Barros, Solana de los Barros, Campanario, Santa Amalia and Pueblonuevo del Guadiana",Spain
"the municipalities of Monterrubio de la Serena, Brozas and Navaconcejo",Spain
"the municipalities of Jaraíz de la Vera, Aldeanueva de la Vera, Pinofranqueado, Losar de la Vera, Ceclavín, Aliseda and Torreorgaz",Spain
La Coronada,Spain
Haro,Spain
Beniganim,Spain
Costa Adeje (H10 Hotel),Spain
"Ibiza, Mallorca",Spain
San sebastian,Spain
The whole region of Asturias,Spain
Tudela,Spain
-,Spain
Las Palmas de Gran Canaria,Spain
the municipality of La Almunia de Doña Godina,Spain
in the municipality of La Almunia de Doña Godina,Spain
municipality of cordoba,Spain
Arnedo,Spain
Aragon,Spain
"Madrid, La Rioja, Vitoria, Labastida",Spain
Murcia,Spain
"Andalucian towns of Seville, Jerez de la Frontera, Cordoba, Granada, El Puerto de Santa María and Cadiz",Spain
"Lleida city, Alcarras, Aitona, the Granja d'Escarp, Seras, Soses and Torres de Segre",Spain
la Seu d'Urgell,Spain
"municipality of Malpartida de Cáceres,",Spain
La Almunia de Doña Godina.,Spain
Los Gallardos (Almeria),Spain
municipality of Cordoba,Spain
"Barco de Valdeorras, Boiro, Cambados, Grove, Meaño, Pobra do Caramiñal, Sanxenxo",Spain
"Arzúa, Avión, Baiona, Barbadás, Burela, Carballiño, Carballo, Cervo, Fisterra, Foz, Gondomar, Illa de Arousa, Marín, Melide, Nigrán, Oleiros, Ourense, Poio, Pontevedra, Porto do Son, Ribadeo, Ribeira, Rosal, Tomiño, Vigo, Vilagarcía de Arousa, Vilanova de Arousa, Vimianzo, Viveiro",Spain
"Abadín,Abegondo,Agolada,Alfoz,Allariz,Amoeiro,Antas de Ulla,Aranga,Arbo,Ares,Arnoia (A),Arteixo,Baleira,Baltar,Bande,Baña (A),Baños de Molgas,Baralla,Barreiros,Barro,Beade,Becerreá,Begonte,Bergondo,Betanzos,Blancos (Os),Bola (A),Bolo (O),Bóveda,Boimorto,Boqueixón,Brión,Cabana de Bergantiños,Cabanas,Calvos de Randín,Camariñas,Campo Lameiro,Cangas,Cañiza (A),Capela (A),Carballeda de Avia,Carballeda de Valdeorras,Carballedo,Cariño,Carnota,Carral,Cartelle,Castrelo de Miño,Castrelo do Val,Castro Caldelas,Castro de Rei,Castroverde,Catoira,Cedeira,Cee,Celanova,Cenlle,Cerceda,Cerdedo-Cotobade,Cerdido,Cervantes,Chandrexa de Queixa,Chantada,Coirós,Coles,Corcubión,Corgo (O),Coristanco,Cortegada,Cospeito,Covelo,Crecente,Cualedro,Cuntis,Curtis,Dodro,Dozón,Dumbría,Esgos,Estrada (A),Folgoso do Courel,Fonsagrada (A),Forcarei,Fornelos de Montes,Frades,Friol,Gomesende,Gudiña (A),Guitiriz,Guntín,Incio (O),Irixo (O),Irixoa,Lalín,Lama (A),Láncara,Laracha (A),Larouco,Laxe,Laza,Leiro,Lobeira,Lobios,Lourenzá,Lousame,Malpica de Bergantiños,Manzaneda,Mañón,Maside,Mazaricos,Meira,Melón,Merca (A),Mesía,Mezquita (A),Miño,Moeche,Mondariz-Balneario,Mondariz,Monfero,Monforte de Lemos,Montederramo,Monterrei,Monterroso,Moraña,Muíños,Muras,Muxía,Narón,Navia de Suarna,Neda,Negreira,Negueira de Muñiz,Neves (As),Nogais (As),Nogueira de Ramuín,Oia,Oímbra,Ordes,Ortigueira,Ourol,Outeiro de Rei,Outes,Oza-Cesuras,Paderne de Allariz,Paderne,Padrenda,Padrón,Palas de Rei,Pantón,Parada de Sil,Paradela,Páramo (O),Pastoriza (A),Pazos de Borbén,Pedrafita do Cebreiro,Peroxa (A),Petín,Pino (O),Piñor,Pobra de Trives (A),Pobra do Brollón (A),Pol,Ponteareas,Ponteceso,Pontedeume,Pontedeva,Pontenova (A),Pontes de García Rodríguez (As),Porqueira,Portas,Portomarín,Punxín,Quintela de Leirado,Quiroga,Rábade,Rairiz de Veiga,Ramirás,Rianxo,Ribas de Sil,Ribeira de Piquín,Riós,Riotorto,Rodeiro,Rois,Rúa (A),Rubiá,Salceda de Caselas,Salvaterra de Miño,Samos,San Amaro,San Cristovo de Cea,San Sadurniño,Santiso,San Xoán de Río,Sandiás,Santa Comba,Sarreaus,Saviñao (O),Sober,Sobrado,Somozas (As),Soutomaior,Taboada,Taboadela,Teixeira (A),Toén,Toques,Tordoia,Touro,Trabada,Trasmiras,Trazo,Triacastela,Val do Dubra,Valadouro (O),Valdoviño,Valga,Vedra,Veiga (A),Verea,Verín,Viana do Bolo,Vicedo (O),Vilaboa,Vila de Cruces,Vilamarín,Vilar de Barrio,Vilar de Santos,Vilardevós,Vilariño de Conso,Vilarmaior,Vilasantar,Xermade,Xinzo de Limia,Xove,Xunqueira de Ambía,Xunqueira de Espadanedo,Zas",Spain
Montserrat,Spain
Valencia,Spain
municipality of Arragon,Spain
Alicante,Spain
NA,Sri Lanka
Uhana and Damana in Ampara District,Sri Lanka
Minuwangoda,Sri Lanka
Atulugama village in Kalutara,Sri Lanka
Akurana in Kandy,Sri Lanka
Kadayamkulam in Puttalam,Sri Lanka
Panvila and Cheena Koratuwa villages in Beruwala,Sri Lanka
Hultsdorf,Sri Lanka
Grandpass,Sri Lanka
Unawatuna,Sri Lanka
"Puttalam, Chilaw and Negombo",Sri Lanka
"Wattala, Ja-Ela",Sri Lanka
Veyangoda Police Division,Sri Lanka
Seeduwa Police jurisdiction,Sri Lanka
Pattitottam; Periyakadai,Sri Lanka
Peliyagoda,Sri Lanka
NA,Sudan
El Gedaref,Sudan
NA,Suriname
The Ndyuka tribe,Suriname
NA,Sweden
Ornskoldsvik,Sweden
Stockholm,Sweden
Gothenburg,Sweden
Gällivare,Sweden
Hässleholm,Sweden
Lund,Sweden
skane,Sweden
NA,Switzerland
Lugano / Locarno,Switzerland
City of Lucerne,Switzerland
Zurich,Switzerland
Kaisten,Switzerland
Jura,Switzerland
NA,Syria
NA,Taiwan
NA,Tajikistan
Dushanbe,Tajikistan
Tashkent,Tajikistan
Khorugh,Tajikistan
Gissar,Tajikistan
Khujand,Tajikistan
Not specified,Tajikistan
NA,Tanzania
NA,Thailand
Bangkok,Thailand
Chiangmai,Thailand
Kanchanaburi,Thailand
Phuket,Thailand
Karon and Rawai Sub-district Municipalities,Thailand
NA,Timor Leste
Dili,Timor Leste
NA,Togo
NA,Tonga
NA,Trinidad and Tobago
NA,Tunisia
Hamma; Hamma Gharbia,Tunisia
"Nabeul, Dar Shaaban Al-Fihri and Bani Khayar",Tunisia
Djerba Island,Tunisia
"Ben Arous, Tunisia",Tunisia
La Goulette,Tunisia
Great Tunis,Tunisia
NA,Turkey
Bursa,Turkey
Istanbul,Turkey
Ankara,Turkey
Antalya,Turkey
Kutahya,Turkey
NA,Turkmenistan
Ashgabat,Turkmenistan
Dashoguz,Turkmenistan
Turkmenbashi,Turkmenistan
Turkmenabad,Turkmenistan
Turkmenabat,Turkmenistan
Farab,Turkmenistan
Mary,Turkmenistan
NA,Tuvalu
NA,Uganda
Nakasongola,Uganda
Kampala,Uganda
Kitgum,Uganda
NA,Ukraine
Kyiv,Ukraine
No,Ukraine
"Ivano-Frankivsk, Kolomiya, Kalush, Bilyaivka, Izmail, Dubno, Kostopil, Ternopil, Berezhany, Chortkiv, Buchach, Husiatyn, Monastyrsky, Terebovliansky, Ternopilsky, Chernivtsi, Vyzhnytsia, Hlyboka, Zastavna, Kitsman, Novoselytsia, Storozhynets",Ukraine
Kiyev,Ukraine
Crimea,Ukraine
Dnipro,Ukraine
Ivano-Frankivsk,Ukraine
"Donetsk, Luhansk, Kherson",Ukraine
Kyiv City,Ukraine
Lviv,Ukraine
government body,Ukraine
lviv,Ukraine
NA,United Arab Emirates
Abu Dhabi,United Arab Emirates
Dubai,United Arab Emirates
Sharjah,United Arab Emirates
no,United Arab Emirates
Ajman,United Arab Emirates
NA,United Kingdom
Bangor,United Kingdom
London,United Kingdom
Leicester,United Kingdom
Lancashire,United Kingdom
Merseyside,United Kingdom
Warwickshire,United Kingdom
Hampshire,United Kingdom
NA,United States of America
NA,Uruguay
n/a,Uruguay
Montevideo,Uruguay
Rivera,Uruguay
Canelones,Uruguay
NA,Uzbekistan
Toshkent,Uzbekistan
Samarqand,Uzbekistan
Tashkent,Uzbekistan
Samarkand,Uzbekistan
"not by a specific city, but about the specific cities of the Tashkent region",Uzbekistan
Tashkent city,Uzbekistan
"Almalyk, Bekobod, Angren, Yangiyul, Chirchik",Uzbekistan
It was announced by the Uzbekistan state,Uzbekistan
NA,Vanuatu
NA,Vatican
NA,Venezuela
Caracas,Venezuela
Bolivarian Libertador Municipality,Venezuela
Libertador municipality,Venezuela
Libertador,Venezuela
Tulio Febres Cordero,Venezuela
Caracas in coordination with the Federal District of the Capital,Venezuela
NA,Vietnam
Ho Chi Minh City,Vietnam
Bac Lieu,Vietnam
Hanoi,Vietnam
Hanoi City,Vietnam
Son Loi,Vietnam
Ha Loi village,Vietnam
Ngo Khe 3 village,Vietnam
Da Nang city,Vietnam
"Hanoi, Ho Chi Minh City, Hue and Da Nang",Vietnam
Thu Dau Mot,Vietnam
Pleiku,Vietnam
Da Nang,Vietnam
NA,Yemen
Adan,Yemen
Marib,Yemen
Aden,Yemen
Sanaa,Yemen
NA,Zambia
NA,Zimbabwe
"Kingman (city), AZ",United States of America
"Fresno (city), CA",United States of America
"Los Angeles (city), CA",United States of America
"San Francisco (city), CA",United States of America
"Baltimore City, MD",United States of America
"Kansas City (city), MO",United States of America
"Columbia (city), SC",United States of America
"El Paso (city), TX",United States of America
"Manassas Park City, VA",United States of America
"Lake Havasu City (city), AZ",United States of America
"Tucson (city), AZ",United States of America
"Berkeley (city), CA",United States of America
"Oakland (city), CA",United States of America
"San Diego (city), CA",United States of America
"Deland (city), FL",United States of America
"Jacksonville (city), FL",United States of America
"St. Augustine (city), FL",United States of America
"Atlanta (city), GA",United States of America
"Boise City (city), ID",United States of America
"Chicago (city), IL",United States of America
"Laurel (city), MD",United States of America
"Boston (city), MA",United States of America
"Cambridge (city), MA",United States of America
"New York City (city), NY",United States of America
"Alexandria City, VA",United States of America
"Seattle (City), WA",United States of America
